<?xml version='1.0' encoding='utf-8'?>
<!DOCTYPE hibernate-configuration PUBLIC
      "-//Hibernate/Hibernate Configuration DTD 3.0//EN"
      "http://www.hibernate.org/dtd/hibernate-configuration-3.0.dtd">

<hibernate-configuration>
    <session-factory>
        <!-- Database connection settings -->
        <property name="connection.driver_class">
            com.microsoft.sqlserver.jdbc.SQLServerDriver
        </property>

        <property name="connection.url">
            jdbc:sqlserver://localhost:1433;databaseName=MWC_STORE;encrypt=true;trustServerCertificate=true;
        </property>

        <property name="connection.username">sa</property>
        <property name="connection.password">123</property>

        <!-- JDBC connection pool (use the built-in) -->
        <property name="connection.pool_size">1</property>

        <!-- SQL dialect -->
        <property name="dialect">org.hibernate.dialect.SQLServerDialect</property>

        <!-- Enable Hibernate's automatic session context management -->
        <property name="current_session_context_class">thread</property>

        <!-- Disable the second-level cache -->
        <property name="cache.provider_class">org.hibernate.cache.internal.NoCacheProvider</property>

        <!-- Echo all executed SQL to stdout -->
        <property name="show_sql">true</property>
       
        <mapping class="models.ChucVu"/>
        <mapping class="models.NguoiDung"/>
        <mapping class="models.ChatLieu"/>
        <mapping class="models.Dep"/>
        <mapping class="models.LoaiDep"/>
        <mapping class="models.NhaSX"/>
        <mapping class="models.MauSac"/>
        <mapping class="models.Size"/>
        <mapping class="models.ChiTietDep"/>
    </session-factory>
</hibernate-configuration>